<idynomics>
 <simulation iterate="40" time="960.0" unit="hour">
<thickness domain="MyBiofilm" unit="um">
	<mean>138.61977186311788</mean>
	<stddev>9.465160688974382</stddev>
	<max>159.0</max>
</thickness>
<globalProductionRate>
<solute name="Weather" unit="g.hour">
-2.0899349949165963E-8</solute><solute name="O2" unit="g.hour">
-0.3228356498169909</solute><solute name="pressure" unit="g.hour">
0.0</solute><solute name="Food" unit="g.hour">
8.789712417327986E9</solute><solute name="H3O+" unit="g.hour">
0.097185291074273</solute></globalProductionRate>
<bulk name="MyTank">
<solute name="Weather" unit="g.L-1">0.01</solute>
<solute name="O2" unit="g.L-1">0.01</solute>
<solute name="pressure" unit="g.L-1">0.0</solute>
<solute name="Food" unit="g.L-1">0.0</solute>
<solute name="H3O+" unit="g.L-1">0.0</solute>
<uptake_rate name="Weather" unit="g.L-1.hour-1">0.0</uptake_rate>
<uptake_rate name="O2" unit="g.L-1.hour-1">0.0</uptake_rate>
<uptake_rate name="pressure" unit="g.L-1.hour-1">0.0</uptake_rate>
<uptake_rate name="Food" unit="g.L-1.hour-1">0.0</uptake_rate>
<uptake_rate name="H3O+" unit="g.L-1.hour-1">0.0</uptake_rate>
</bulk>

</simulation>
</idynomics>