<idynomics>
 <simulation iterate="37" time="888.0" unit="hour">
<thickness domain="MyBiofilm" unit="um">
	<mean>136.40080971659918</mean>
	<stddev>8.286206244069591</stddev>
	<max>155.0</max>
</thickness>
<globalProductionRate>
<solute name="Weather" unit="g.hour">
-2.0136599957954408E-8</solute><solute name="O2" unit="g.hour">
-0.21217540471412144</solute><solute name="pressure" unit="g.hour">
0.0</solute><solute name="Food" unit="g.hour">
6.342143980099383E9</solute><solute name="H3O+" unit="g.hour">
0.06387249217076799</solute></globalProductionRate>
<bulk name="MyTank">
<solute name="Weather" unit="g.L-1">0.01</solute>
<solute name="O2" unit="g.L-1">0.01</solute>
<solute name="pressure" unit="g.L-1">0.0</solute>
<solute name="Food" unit="g.L-1">0.0</solute>
<solute name="H3O+" unit="g.L-1">0.0</solute>
<uptake_rate name="Weather" unit="g.L-1.hour-1">0.0</uptake_rate>
<uptake_rate name="O2" unit="g.L-1.hour-1">0.0</uptake_rate>
<uptake_rate name="pressure" unit="g.L-1.hour-1">0.0</uptake_rate>
<uptake_rate name="Food" unit="g.L-1.hour-1">0.0</uptake_rate>
<uptake_rate name="H3O+" unit="g.L-1.hour-1">0.0</uptake_rate>
</bulk>

</simulation>
</idynomics>