<idynomics>
 <simulation iterate="25" time="600.0" unit="hour">
<thickness domain="MyBiofilm" unit="um">
	<mean>131.11904761904762</mean>
	<stddev>4.878047916320922</stddev>
	<max>143.0</max>
</thickness>
<globalProductionRate>
<solute name="Weather" unit="g.hour">
-1.9678949965573025E-8</solute><solute name="O2" unit="g.hour">
-0.0646316697611089</solute><solute name="pressure" unit="g.hour">
0.0</solute><solute name="Food" unit="g.hour">
2.3387480726317453E9</solute><solute name="H3O+" unit="g.hour">
0.019456452302162267</solute></globalProductionRate>
<bulk name="MyTank">
<solute name="Weather" unit="g.L-1">0.01</solute>
<solute name="O2" unit="g.L-1">0.01</solute>
<solute name="pressure" unit="g.L-1">0.0</solute>
<solute name="Food" unit="g.L-1">0.0</solute>
<solute name="H3O+" unit="g.L-1">0.0</solute>
<uptake_rate name="Weather" unit="g.L-1.hour-1">0.0</uptake_rate>
<uptake_rate name="O2" unit="g.L-1.hour-1">0.0</uptake_rate>
<uptake_rate name="pressure" unit="g.L-1.hour-1">0.0</uptake_rate>
<uptake_rate name="Food" unit="g.L-1.hour-1">0.0</uptake_rate>
<uptake_rate name="H3O+" unit="g.L-1.hour-1">0.0</uptake_rate>
</bulk>

</simulation>
</idynomics>