<idynomics>
 <simulation iterate="6" time="144.0" unit="hour">
<thickness domain="MyBiofilm" unit="um">
	<mean>129.4875</mean>
	<stddev>3.4186757304547086</stddev>
	<max>139.0</max>
</thickness>
<globalProductionRate>
<solute name="Weather" unit="g.hour">
-1.967894996831881E-8</solute><solute name="O2" unit="g.hour">
-0.016685498327430482</solute><solute name="pressure" unit="g.hour">
0.0</solute><solute name="Food" unit="g.hour">
5.372747793086312E8</solute><solute name="H3O+" unit="g.hour">
0.005022937848241448</solute></globalProductionRate>
<bulk name="MyTank">
<solute name="Weather" unit="g.L-1">0.01</solute>
<solute name="O2" unit="g.L-1">0.01</solute>
<solute name="pressure" unit="g.L-1">0.0</solute>
<solute name="Food" unit="g.L-1">0.0</solute>
<solute name="H3O+" unit="g.L-1">0.0</solute>
<uptake_rate name="Weather" unit="g.L-1.hour-1">0.0</uptake_rate>
<uptake_rate name="O2" unit="g.L-1.hour-1">0.0</uptake_rate>
<uptake_rate name="pressure" unit="g.L-1.hour-1">0.0</uptake_rate>
<uptake_rate name="Food" unit="g.L-1.hour-1">0.0</uptake_rate>
<uptake_rate name="H3O+" unit="g.L-1.hour-1">0.0</uptake_rate>
</bulk>

</simulation>
</idynomics>