<idynomics>
 <simulation iterate="39" time="936.0" unit="hour">
<thickness domain="MyBiofilm" unit="um">
	<mean>138.2420091324201</mean>
	<stddev>8.956050355626598</stddev>
	<max>157.0</max>
</thickness>
<globalProductionRate>
<solute name="Weather" unit="g.hour">
-2.1051899950099314E-8</solute><solute name="O2" unit="g.hour">
-0.28353887398144434</solute><solute name="pressure" unit="g.hour">
0.0</solute><solute name="Food" unit="g.hour">
8.075548167691301E9</solute><solute name="H3O+" unit="g.hour">
0.08535550867259664</solute></globalProductionRate>
<bulk name="MyTank">
<solute name="Weather" unit="g.L-1">0.01</solute>
<solute name="O2" unit="g.L-1">0.01</solute>
<solute name="pressure" unit="g.L-1">0.0</solute>
<solute name="Food" unit="g.L-1">0.0</solute>
<solute name="H3O+" unit="g.L-1">0.0</solute>
<uptake_rate name="Weather" unit="g.L-1.hour-1">0.0</uptake_rate>
<uptake_rate name="O2" unit="g.L-1.hour-1">0.0</uptake_rate>
<uptake_rate name="pressure" unit="g.L-1.hour-1">0.0</uptake_rate>
<uptake_rate name="Food" unit="g.L-1.hour-1">0.0</uptake_rate>
<uptake_rate name="H3O+" unit="g.L-1.hour-1">0.0</uptake_rate>
</bulk>

</simulation>
</idynomics>