<idynomics>
 <simulation iterate="43" time="1032.0" unit="hour">
<thickness domain="MyBiofilm" unit="um">
	<mean>141.62462462462463</mean>
	<stddev>11.080659513290923</stddev>
	<max>167.0</max>
</thickness>
<globalProductionRate>
<solute name="Weather" unit="g.hour">
-2.288249992178567E-8</solute><solute name="O2" unit="g.hour">
-0.4974236657228085</solute><solute name="pressure" unit="g.hour">
0.0</solute><solute name="Food" unit="g.hour">
1.3812738514608246E10</solute><solute name="H3O+" unit="g.hour">
0.14974262769895674</solute></globalProductionRate>
<bulk name="MyTank">
<solute name="Weather" unit="g.L-1">0.01</solute>
<solute name="O2" unit="g.L-1">0.01</solute>
<solute name="pressure" unit="g.L-1">0.0</solute>
<solute name="Food" unit="g.L-1">0.0</solute>
<solute name="H3O+" unit="g.L-1">0.0</solute>
<uptake_rate name="Weather" unit="g.L-1.hour-1">0.0</uptake_rate>
<uptake_rate name="O2" unit="g.L-1.hour-1">0.0</uptake_rate>
<uptake_rate name="pressure" unit="g.L-1.hour-1">0.0</uptake_rate>
<uptake_rate name="Food" unit="g.L-1.hour-1">0.0</uptake_rate>
<uptake_rate name="H3O+" unit="g.L-1.hour-1">0.0</uptake_rate>
</bulk>

</simulation>
</idynomics>