<idynomics>
 <simulation iterate="42" time="1008.0" unit="hour">
<thickness domain="MyBiofilm" unit="um">
	<mean>140.14956011730206</mean>
	<stddev>10.39814054463467</stddev>
	<max>165.0</max>
</thickness>
<globalProductionRate>
<solute name="Weather" unit="g.hour">
-2.2272299928425357E-8</solute><solute name="O2" unit="g.hour">
-0.4317055033349796</solute><solute name="pressure" unit="g.hour">
0.0</solute><solute name="Food" unit="g.hour">
1.1947153581566166E10</solute><solute name="H3O+" unit="g.hour">
0.1299590713719727</solute></globalProductionRate>
<bulk name="MyTank">
<solute name="Weather" unit="g.L-1">0.01</solute>
<solute name="O2" unit="g.L-1">0.01</solute>
<solute name="pressure" unit="g.L-1">0.0</solute>
<solute name="Food" unit="g.L-1">0.0</solute>
<solute name="H3O+" unit="g.L-1">0.0</solute>
<uptake_rate name="Weather" unit="g.L-1.hour-1">0.0</uptake_rate>
<uptake_rate name="O2" unit="g.L-1.hour-1">0.0</uptake_rate>
<uptake_rate name="pressure" unit="g.L-1.hour-1">0.0</uptake_rate>
<uptake_rate name="Food" unit="g.L-1.hour-1">0.0</uptake_rate>
<uptake_rate name="H3O+" unit="g.L-1.hour-1">0.0</uptake_rate>
</bulk>

</simulation>
</idynomics>