<idynomics>
 <simulation iterate="38" time="912.0" unit="hour">
<thickness domain="MyBiofilm" unit="um">
	<mean>136.26470588235293</mean>
	<stddev>8.32363333961307</stddev>
	<max>155.0</max>
</thickness>
<globalProductionRate>
<solute name="Weather" unit="g.hour">
-1.998404995759461E-8</solute><solute name="O2" unit="g.hour">
-0.2357736470851903</solute><solute name="pressure" unit="g.hour">
0.0</solute><solute name="Food" unit="g.hour">
6.910736453710704E9</solute><solute name="H3O+" unit="g.hour">
0.07097642721190814</solute></globalProductionRate>
<bulk name="MyTank">
<solute name="Weather" unit="g.L-1">0.01</solute>
<solute name="O2" unit="g.L-1">0.01</solute>
<solute name="pressure" unit="g.L-1">0.0</solute>
<solute name="Food" unit="g.L-1">0.0</solute>
<solute name="H3O+" unit="g.L-1">0.0</solute>
<uptake_rate name="Weather" unit="g.L-1.hour-1">0.0</uptake_rate>
<uptake_rate name="O2" unit="g.L-1.hour-1">0.0</uptake_rate>
<uptake_rate name="pressure" unit="g.L-1.hour-1">0.0</uptake_rate>
<uptake_rate name="Food" unit="g.L-1.hour-1">0.0</uptake_rate>
<uptake_rate name="H3O+" unit="g.L-1.hour-1">0.0</uptake_rate>
</bulk>

</simulation>
</idynomics>