<idynomics>
 <simulation iterate="45" time="1080.0" unit="hour">
<thickness domain="MyBiofilm" unit="um">
	<mean>144.7807486631016</mean>
	<stddev>12.914571361458291</stddev>
	<max>173.0</max>
</thickness>
<globalProductionRate>
<solute name="Weather" unit="g.hour">
-2.5933499867675072E-8</solute><solute name="O2" unit="g.hour">
-0.7451341347158987</solute><solute name="pressure" unit="g.hour">
0.0</solute><solute name="Food" unit="g.hour">
2.1423206219241707E10</solute><solute name="H3O+" unit="g.hour">
0.22431245066397007</solute></globalProductionRate>
<bulk name="MyTank">
<solute name="Weather" unit="g.L-1">0.01</solute>
<solute name="O2" unit="g.L-1">0.01</solute>
<solute name="pressure" unit="g.L-1">0.0</solute>
<solute name="Food" unit="g.L-1">0.0</solute>
<solute name="H3O+" unit="g.L-1">0.0</solute>
<uptake_rate name="Weather" unit="g.L-1.hour-1">0.0</uptake_rate>
<uptake_rate name="O2" unit="g.L-1.hour-1">0.0</uptake_rate>
<uptake_rate name="pressure" unit="g.L-1.hour-1">0.0</uptake_rate>
<uptake_rate name="Food" unit="g.L-1.hour-1">0.0</uptake_rate>
<uptake_rate name="H3O+" unit="g.L-1.hour-1">0.0</uptake_rate>
</bulk>

</simulation>
</idynomics>