<idynomics>
 <simulation iterate="51" time="1224.0" unit="hour">
<thickness domain="MyBiofilm" unit="um">
	<mean>167.81064162754305</mean>
	<stddev>25.38073424456671</stddev>
	<max>217.0</max>
</thickness>
<globalProductionRate>
<solute name="Weather" unit="g.hour">
-3.555137560256057E-8</solute><solute name="O2" unit="g.hour">
-2.8705976905715844</solute><solute name="pressure" unit="g.hour">
0.0</solute><solute name="Food" unit="g.hour">
1.1339648029344618E11</solute><solute name="H3O+" unit="g.hour">
0.8641523625770228</solute></globalProductionRate>
<bulk name="MyTank">
<solute name="Weather" unit="g.L-1">0.01</solute>
<solute name="O2" unit="g.L-1">0.01</solute>
<solute name="pressure" unit="g.L-1">0.0</solute>
<solute name="Food" unit="g.L-1">0.0</solute>
<solute name="H3O+" unit="g.L-1">0.0</solute>
<uptake_rate name="Weather" unit="g.L-1.hour-1">0.0</uptake_rate>
<uptake_rate name="O2" unit="g.L-1.hour-1">0.0</uptake_rate>
<uptake_rate name="pressure" unit="g.L-1.hour-1">0.0</uptake_rate>
<uptake_rate name="Food" unit="g.L-1.hour-1">0.0</uptake_rate>
<uptake_rate name="H3O+" unit="g.L-1.hour-1">0.0</uptake_rate>
</bulk>

</simulation>
</idynomics>