<idynomics>
 <simulation iterate="19" time="456.0" unit="hour">
<thickness domain="MyBiofilm" unit="um">
	<mean>130.35714285714286</mean>
	<stddev>4.182283658318682</stddev>
	<max>141.0</max>
</thickness>
<globalProductionRate>
<solute name="Weather" unit="g.hour">
-1.9678949966874243E-8</solute><solute name="O2" unit="g.hour">
-0.03551385218583493</solute><solute name="pressure" unit="g.hour">
0.0</solute><solute name="Food" unit="g.hour">
1.4131499492521007E9</solute><solute name="H3O+" unit="g.hour">
0.01069093645725785</solute></globalProductionRate>
<bulk name="MyTank">
<solute name="Weather" unit="g.L-1">0.01</solute>
<solute name="O2" unit="g.L-1">0.01</solute>
<solute name="pressure" unit="g.L-1">0.0</solute>
<solute name="Food" unit="g.L-1">0.0</solute>
<solute name="H3O+" unit="g.L-1">0.0</solute>
<uptake_rate name="Weather" unit="g.L-1.hour-1">0.0</uptake_rate>
<uptake_rate name="O2" unit="g.L-1.hour-1">0.0</uptake_rate>
<uptake_rate name="pressure" unit="g.L-1.hour-1">0.0</uptake_rate>
<uptake_rate name="Food" unit="g.L-1.hour-1">0.0</uptake_rate>
<uptake_rate name="H3O+" unit="g.L-1.hour-1">0.0</uptake_rate>
</bulk>

</simulation>
</idynomics>