<idynomics>
 <simulation iterate="52" time="1248.0" unit="hour">
<thickness domain="MyBiofilm" unit="um">
	<mean>172.95712098009187</mean>
	<stddev>28.044342469459348</stddev>
	<max>227.0</max>
</thickness>
<globalProductionRate>
<solute name="Weather" unit="g.hour">
-3.69337990502847E-8</solute><solute name="O2" unit="g.hour">
-3.2171759547351257</solute><solute name="pressure" unit="g.hour">
0.0</solute><solute name="Food" unit="g.hour">
1.4044834851508374E11</solute><solute name="H3O+" unit="g.hour">
0.968483988538383</solute></globalProductionRate>
<bulk name="MyTank">
<solute name="Weather" unit="g.L-1">0.01</solute>
<solute name="O2" unit="g.L-1">0.01</solute>
<solute name="pressure" unit="g.L-1">0.0</solute>
<solute name="Food" unit="g.L-1">0.0</solute>
<solute name="H3O+" unit="g.L-1">0.0</solute>
<uptake_rate name="Weather" unit="g.L-1.hour-1">0.0</uptake_rate>
<uptake_rate name="O2" unit="g.L-1.hour-1">0.0</uptake_rate>
<uptake_rate name="pressure" unit="g.L-1.hour-1">0.0</uptake_rate>
<uptake_rate name="Food" unit="g.L-1.hour-1">0.0</uptake_rate>
<uptake_rate name="H3O+" unit="g.L-1.hour-1">0.0</uptake_rate>
</bulk>

</simulation>
</idynomics>