<idynomics>
 <simulation iterate="36" time="864.0" unit="hour">
<thickness domain="MyBiofilm" unit="um">
	<mean>134.87962962962962</mean>
	<stddev>7.491003978344066</stddev>
	<max>153.0</max>
</thickness>
<globalProductionRate>
<solute name="Weather" unit="g.hour">
-2.0136599958826207E-8</solute><solute name="O2" unit="g.hour">
-0.19259131117771128</solute><solute name="pressure" unit="g.hour">
0.0</solute><solute name="Food" unit="g.hour">
5.756149288332663E9</solute><solute name="H3O+" unit="g.hour">
0.057976969760665124</solute></globalProductionRate>
<bulk name="MyTank">
<solute name="Weather" unit="g.L-1">0.01</solute>
<solute name="O2" unit="g.L-1">0.01</solute>
<solute name="pressure" unit="g.L-1">0.0</solute>
<solute name="Food" unit="g.L-1">0.0</solute>
<solute name="H3O+" unit="g.L-1">0.0</solute>
<uptake_rate name="Weather" unit="g.L-1.hour-1">0.0</uptake_rate>
<uptake_rate name="O2" unit="g.L-1.hour-1">0.0</uptake_rate>
<uptake_rate name="pressure" unit="g.L-1.hour-1">0.0</uptake_rate>
<uptake_rate name="Food" unit="g.L-1.hour-1">0.0</uptake_rate>
<uptake_rate name="H3O+" unit="g.L-1.hour-1">0.0</uptake_rate>
</bulk>

</simulation>
</idynomics>