<idynomics>
 <simulation iterate="35" time="840.0" unit="hour">
<thickness domain="MyBiofilm" unit="um">
	<mean>134.59047619047618</mean>
	<stddev>7.221918012082565</stddev>
	<max>151.0</max>
</thickness>
<globalProductionRate>
<solute name="Weather" unit="g.hour">
-1.9831499961067565E-8</solute><solute name="O2" unit="g.hour">
-0.17226664042906858</solute><solute name="pressure" unit="g.hour">
0.0</solute><solute name="Food" unit="g.hour">
5.275579382963055E9</solute><solute name="H3O+" unit="g.hour">
0.0518584990961331</solute></globalProductionRate>
<bulk name="MyTank">
<solute name="Weather" unit="g.L-1">0.01</solute>
<solute name="O2" unit="g.L-1">0.01</solute>
<solute name="pressure" unit="g.L-1">0.0</solute>
<solute name="Food" unit="g.L-1">0.0</solute>
<solute name="H3O+" unit="g.L-1">0.0</solute>
<uptake_rate name="Weather" unit="g.L-1.hour-1">0.0</uptake_rate>
<uptake_rate name="O2" unit="g.L-1.hour-1">0.0</uptake_rate>
<uptake_rate name="pressure" unit="g.L-1.hour-1">0.0</uptake_rate>
<uptake_rate name="Food" unit="g.L-1.hour-1">0.0</uptake_rate>
<uptake_rate name="H3O+" unit="g.L-1.hour-1">0.0</uptake_rate>
</bulk>

</simulation>
</idynomics>