<idynomics>
 <simulation iterate="34" time="816.0" unit="hour">
<thickness domain="MyBiofilm" unit="um">
	<mean>134.8655462184874</mean>
	<stddev>7.184161348513635</stddev>
	<max>151.0</max>
</thickness>
<globalProductionRate>
<solute name="Weather" unit="g.hour">
-1.983149996234808E-8</solute><solute name="O2" unit="g.hour">
-0.1547111085488798</solute><solute name="pressure" unit="g.hour">
0.0</solute><solute name="Food" unit="g.hour">
4.866795781607121E9</solute><solute name="H3O+" unit="g.hour">
0.046573640323576776</solute></globalProductionRate>
<bulk name="MyTank">
<solute name="Weather" unit="g.L-1">0.01</solute>
<solute name="O2" unit="g.L-1">0.01</solute>
<solute name="pressure" unit="g.L-1">0.0</solute>
<solute name="Food" unit="g.L-1">0.0</solute>
<solute name="H3O+" unit="g.L-1">0.0</solute>
<uptake_rate name="Weather" unit="g.L-1.hour-1">0.0</uptake_rate>
<uptake_rate name="O2" unit="g.L-1.hour-1">0.0</uptake_rate>
<uptake_rate name="pressure" unit="g.L-1.hour-1">0.0</uptake_rate>
<uptake_rate name="Food" unit="g.L-1.hour-1">0.0</uptake_rate>
<uptake_rate name="H3O+" unit="g.L-1.hour-1">0.0</uptake_rate>
</bulk>

</simulation>
</idynomics>