<idynomics>
 <simulation iterate="12" time="288.0" unit="hour">
<thickness domain="MyBiofilm" unit="um">
	<mean>129.48</mean>
	<stddev>3.515148171367272</stddev>
	<max>139.0</max>
</thickness>
<globalProductionRate>
<solute name="Weather" unit="g.hour">
-1.967894996821053E-8</solute><solute name="O2" unit="g.hour">
-0.024331831920057768</solute><solute name="pressure" unit="g.hour">
0.0</solute><solute name="Food" unit="g.hour">
9.02134347816919E8</solute><solute name="H3O+" unit="g.hour">
0.007324753404966901</solute></globalProductionRate>
<bulk name="MyTank">
<solute name="Weather" unit="g.L-1">0.01</solute>
<solute name="O2" unit="g.L-1">0.01</solute>
<solute name="pressure" unit="g.L-1">0.0</solute>
<solute name="Food" unit="g.L-1">0.0</solute>
<solute name="H3O+" unit="g.L-1">0.0</solute>
<uptake_rate name="Weather" unit="g.L-1.hour-1">0.0</uptake_rate>
<uptake_rate name="O2" unit="g.L-1.hour-1">0.0</uptake_rate>
<uptake_rate name="pressure" unit="g.L-1.hour-1">0.0</uptake_rate>
<uptake_rate name="Food" unit="g.L-1.hour-1">0.0</uptake_rate>
<uptake_rate name="H3O+" unit="g.L-1.hour-1">0.0</uptake_rate>
</bulk>

</simulation>
</idynomics>