<idynomics>
 <simulation iterate="41" time="984.0" unit="hour">
<thickness domain="MyBiofilm" unit="um">
	<mean>139.0503597122302</mean>
	<stddev>9.698196629075875</stddev>
	<max>161.0</max>
</thickness>
<globalProductionRate>
<solute name="Weather" unit="g.hour">
-2.2119749930518154E-8</solute><solute name="O2" unit="g.hour">
-0.38232965220601933</solute><solute name="pressure" unit="g.hour">
0.0</solute><solute name="Food" unit="g.hour">
1.0671028063764738E10</solute><solute name="H3O+" unit="g.hour">
0.11509513739203134</solute></globalProductionRate>
<bulk name="MyTank">
<solute name="Weather" unit="g.L-1">0.01</solute>
<solute name="O2" unit="g.L-1">0.01</solute>
<solute name="pressure" unit="g.L-1">0.0</solute>
<solute name="Food" unit="g.L-1">0.0</solute>
<solute name="H3O+" unit="g.L-1">0.0</solute>
<uptake_rate name="Weather" unit="g.L-1.hour-1">0.0</uptake_rate>
<uptake_rate name="O2" unit="g.L-1.hour-1">0.0</uptake_rate>
<uptake_rate name="pressure" unit="g.L-1.hour-1">0.0</uptake_rate>
<uptake_rate name="Food" unit="g.L-1.hour-1">0.0</uptake_rate>
<uptake_rate name="H3O+" unit="g.L-1.hour-1">0.0</uptake_rate>
</bulk>

</simulation>
</idynomics>