<idynomics>
 <simulation iterate="17" time="408.0" unit="hour">
<thickness domain="MyBiofilm" unit="um">
	<mean>129.83660130718954</mean>
	<stddev>3.830489168815986</stddev>
	<max>139.0</max>
</thickness>
<globalProductionRate>
<solute name="Weather" unit="g.hour">
-1.96789499678979E-8</solute><solute name="O2" unit="g.hour">
-0.03966940081206452</solute><solute name="pressure" unit="g.hour">
0.0</solute><solute name="Food" unit="g.hour">
1.6867536035117078E9</solute><solute name="H3O+" unit="g.hour">
0.011941898347204596</solute></globalProductionRate>
<bulk name="MyTank">
<solute name="Weather" unit="g.L-1">0.01</solute>
<solute name="O2" unit="g.L-1">0.01</solute>
<solute name="pressure" unit="g.L-1">0.0</solute>
<solute name="Food" unit="g.L-1">0.0</solute>
<solute name="H3O+" unit="g.L-1">0.0</solute>
<uptake_rate name="Weather" unit="g.L-1.hour-1">0.0</uptake_rate>
<uptake_rate name="O2" unit="g.L-1.hour-1">0.0</uptake_rate>
<uptake_rate name="pressure" unit="g.L-1.hour-1">0.0</uptake_rate>
<uptake_rate name="Food" unit="g.L-1.hour-1">0.0</uptake_rate>
<uptake_rate name="H3O+" unit="g.L-1.hour-1">0.0</uptake_rate>
</bulk>

</simulation>
</idynomics>