<idynomics>
 <simulation iterate="21" time="504.0" unit="hour">
<thickness domain="MyBiofilm" unit="um">
	<mean>130.48466257668713</mean>
	<stddev>4.422968256615572</stddev>
	<max>141.0</max>
</thickness>
<globalProductionRate>
<solute name="Weather" unit="g.hour">
-1.9678949966853352E-8</solute><solute name="O2" unit="g.hour">
-0.043564184323904145</solute><solute name="pressure" unit="g.hour">
0.0</solute><solute name="Food" unit="g.hour">
1.7092367543491492E9</solute><solute name="H3O+" unit="g.hour">
0.013114375079634394</solute></globalProductionRate>
<bulk name="MyTank">
<solute name="Weather" unit="g.L-1">0.01</solute>
<solute name="O2" unit="g.L-1">0.01</solute>
<solute name="pressure" unit="g.L-1">0.0</solute>
<solute name="Food" unit="g.L-1">0.0</solute>
<solute name="H3O+" unit="g.L-1">0.0</solute>
<uptake_rate name="Weather" unit="g.L-1.hour-1">0.0</uptake_rate>
<uptake_rate name="O2" unit="g.L-1.hour-1">0.0</uptake_rate>
<uptake_rate name="pressure" unit="g.L-1.hour-1">0.0</uptake_rate>
<uptake_rate name="Food" unit="g.L-1.hour-1">0.0</uptake_rate>
<uptake_rate name="H3O+" unit="g.L-1.hour-1">0.0</uptake_rate>
</bulk>

</simulation>
</idynomics>