<idynomics>
 <simulation iterate="31" time="744.0" unit="hour">
<thickness domain="MyBiofilm" unit="um">
	<mean>133.46464646464648</mean>
	<stddev>6.320262638886756</stddev>
	<max>147.0</max>
</thickness>
<globalProductionRate>
<solute name="Weather" unit="g.hour">
-1.998404996295141E-8</solute><solute name="O2" unit="g.hour">
-0.11567333775024226</solute><solute name="pressure" unit="g.hour">
0.0</solute><solute name="Food" unit="g.hour">
3.8239964749886074E9</solute><solute name="H3O+" unit="g.hour">
0.03482184801443668</solute></globalProductionRate>
<bulk name="MyTank">
<solute name="Weather" unit="g.L-1">0.01</solute>
<solute name="O2" unit="g.L-1">0.01</solute>
<solute name="pressure" unit="g.L-1">0.0</solute>
<solute name="Food" unit="g.L-1">0.0</solute>
<solute name="H3O+" unit="g.L-1">0.0</solute>
<uptake_rate name="Weather" unit="g.L-1.hour-1">0.0</uptake_rate>
<uptake_rate name="O2" unit="g.L-1.hour-1">0.0</uptake_rate>
<uptake_rate name="pressure" unit="g.L-1.hour-1">0.0</uptake_rate>
<uptake_rate name="Food" unit="g.L-1.hour-1">0.0</uptake_rate>
<uptake_rate name="H3O+" unit="g.L-1.hour-1">0.0</uptake_rate>
</bulk>

</simulation>
</idynomics>