<idynomics>
 <simulation iterate="27" time="648.0" unit="hour">
<thickness domain="MyBiofilm" unit="um">
	<mean>131.74594594594595</mean>
	<stddev>5.234531631625092</stddev>
	<max>143.0</max>
</thickness>
<globalProductionRate>
<solute name="Weather" unit="g.hour">
-1.9678949965289335E-8</solute><solute name="O2" unit="g.hour">
-0.07603275427803267</solute><solute name="pressure" unit="g.hour">
0.0</solute><solute name="Food" unit="g.hour">
2.740185187936891E9</solute><solute name="H3O+" unit="g.hour">
0.022888588606843195</solute></globalProductionRate>
<bulk name="MyTank">
<solute name="Weather" unit="g.L-1">0.01</solute>
<solute name="O2" unit="g.L-1">0.01</solute>
<solute name="pressure" unit="g.L-1">0.0</solute>
<solute name="Food" unit="g.L-1">0.0</solute>
<solute name="H3O+" unit="g.L-1">0.0</solute>
<uptake_rate name="Weather" unit="g.L-1.hour-1">0.0</uptake_rate>
<uptake_rate name="O2" unit="g.L-1.hour-1">0.0</uptake_rate>
<uptake_rate name="pressure" unit="g.L-1.hour-1">0.0</uptake_rate>
<uptake_rate name="Food" unit="g.L-1.hour-1">0.0</uptake_rate>
<uptake_rate name="H3O+" unit="g.L-1.hour-1">0.0</uptake_rate>
</bulk>

</simulation>
</idynomics>