<idynomics>
 <simulation iterate="7" time="168.0" unit="hour">
<thickness domain="MyBiofilm" unit="um">
	<mean>129.43037974683546</mean>
	<stddev>3.4002365677334674</stddev>
	<max>139.0</max>
</thickness>
<globalProductionRate>
<solute name="Weather" unit="g.hour">
-1.96789499683188E-8</solute><solute name="O2" unit="g.hour">
-0.018043590882114203</solute><solute name="pressure" unit="g.hour">
0.0</solute><solute name="Food" unit="g.hour">
5.974512612549808E8</solute><solute name="H3O+" unit="g.hour">
0.00543177178871649</solute></globalProductionRate>
<bulk name="MyTank">
<solute name="Weather" unit="g.L-1">0.01</solute>
<solute name="O2" unit="g.L-1">0.01</solute>
<solute name="pressure" unit="g.L-1">0.0</solute>
<solute name="Food" unit="g.L-1">0.0</solute>
<solute name="H3O+" unit="g.L-1">0.0</solute>
<uptake_rate name="Weather" unit="g.L-1.hour-1">0.0</uptake_rate>
<uptake_rate name="O2" unit="g.L-1.hour-1">0.0</uptake_rate>
<uptake_rate name="pressure" unit="g.L-1.hour-1">0.0</uptake_rate>
<uptake_rate name="Food" unit="g.L-1.hour-1">0.0</uptake_rate>
<uptake_rate name="H3O+" unit="g.L-1.hour-1">0.0</uptake_rate>
</bulk>

</simulation>
</idynomics>