<idynomics>
 <simulation iterate="44" time="1056.0" unit="hour">
<thickness domain="MyBiofilm" unit="um">
	<mean>143.14970059880238</mean>
	<stddev>12.383651934696005</stddev>
	<max>169.0</max>
</thickness>
<globalProductionRate>
<solute name="Weather" unit="g.hour">
-2.3643636187341867E-8</solute><solute name="O2" unit="g.hour">
-0.6151896186368668</solute><solute name="pressure" unit="g.hour">
0.0</solute><solute name="Food" unit="g.hour">
1.6408659826814692E10</solute><solute name="H3O+" unit="g.hour">
0.18519450621192393</solute></globalProductionRate>
<bulk name="MyTank">
<solute name="Weather" unit="g.L-1">0.01</solute>
<solute name="O2" unit="g.L-1">0.01</solute>
<solute name="pressure" unit="g.L-1">0.0</solute>
<solute name="Food" unit="g.L-1">0.0</solute>
<solute name="H3O+" unit="g.L-1">0.0</solute>
<uptake_rate name="Weather" unit="g.L-1.hour-1">0.0</uptake_rate>
<uptake_rate name="O2" unit="g.L-1.hour-1">0.0</uptake_rate>
<uptake_rate name="pressure" unit="g.L-1.hour-1">0.0</uptake_rate>
<uptake_rate name="Food" unit="g.L-1.hour-1">0.0</uptake_rate>
<uptake_rate name="H3O+" unit="g.L-1.hour-1">0.0</uptake_rate>
</bulk>

</simulation>
</idynomics>