<idynomics>
 <simulation iterate="32" time="768.0" unit="hour">
<thickness domain="MyBiofilm" unit="um">
	<mean>133.48387096774192</mean>
	<stddev>6.581356697775215</stddev>
	<max>147.0</max>
</thickness>
<globalProductionRate>
<solute name="Weather" unit="g.hour">
-1.9831499963362087E-8</solute><solute name="O2" unit="g.hour">
-0.12748528761168873</solute><solute name="pressure" unit="g.hour">
0.0</solute><solute name="Food" unit="g.hour">
4.176022598649044E9</solute><solute name="H3O+" unit="g.hour">
0.03837767339095176</solute></globalProductionRate>
<bulk name="MyTank">
<solute name="Weather" unit="g.L-1">0.01</solute>
<solute name="O2" unit="g.L-1">0.01</solute>
<solute name="pressure" unit="g.L-1">0.0</solute>
<solute name="Food" unit="g.L-1">0.0</solute>
<solute name="H3O+" unit="g.L-1">0.0</solute>
<uptake_rate name="Weather" unit="g.L-1.hour-1">0.0</uptake_rate>
<uptake_rate name="O2" unit="g.L-1.hour-1">0.0</uptake_rate>
<uptake_rate name="pressure" unit="g.L-1.hour-1">0.0</uptake_rate>
<uptake_rate name="Food" unit="g.L-1.hour-1">0.0</uptake_rate>
<uptake_rate name="H3O+" unit="g.L-1.hour-1">0.0</uptake_rate>
</bulk>

</simulation>
</idynomics>