<idynomics>
 <simulation iterate="47" time="1128.0" unit="hour">
<thickness domain="MyBiofilm" unit="um">
	<mean>151.43497757847533</mean>
	<stddev>15.300254573761793</stddev>
	<max>185.0</max>
</thickness>
<globalProductionRate>
<solute name="Weather" unit="g.hour">
-3.0204899829925994E-8</solute><solute name="O2" unit="g.hour">
-1.2714870780988672</solute><solute name="pressure" unit="g.hour">
0.0</solute><solute name="Food" unit="g.hour">
3.950841554124685E10</solute><solute name="H3O+" unit="g.hour">
0.38276363570476113</solute></globalProductionRate>
<bulk name="MyTank">
<solute name="Weather" unit="g.L-1">0.01</solute>
<solute name="O2" unit="g.L-1">0.01</solute>
<solute name="pressure" unit="g.L-1">0.0</solute>
<solute name="Food" unit="g.L-1">0.0</solute>
<solute name="H3O+" unit="g.L-1">0.0</solute>
<uptake_rate name="Weather" unit="g.L-1.hour-1">0.0</uptake_rate>
<uptake_rate name="O2" unit="g.L-1.hour-1">0.0</uptake_rate>
<uptake_rate name="pressure" unit="g.L-1.hour-1">0.0</uptake_rate>
<uptake_rate name="Food" unit="g.L-1.hour-1">0.0</uptake_rate>
<uptake_rate name="H3O+" unit="g.L-1.hour-1">0.0</uptake_rate>
</bulk>

</simulation>
</idynomics>