<idynomics>
 <simulation iterate="46" time="1104.0" unit="hour">
<thickness domain="MyBiofilm" unit="um">
	<mean>146.7884130982368</mean>
	<stddev>14.363947548268209</stddev>
	<max>177.0</max>
</thickness>
<globalProductionRate>
<solute name="Weather" unit="g.hour">
-2.7001349843869524E-8</solute><solute name="O2" unit="g.hour">
-0.8496025303298114</solute><solute name="pressure" unit="g.hour">
0.0</solute><solute name="Food" unit="g.hour">
2.518161190165401E10</solute><solute name="H3O+" unit="g.hour">
0.25576118854513225</solute></globalProductionRate>
<bulk name="MyTank">
<solute name="Weather" unit="g.L-1">0.01</solute>
<solute name="O2" unit="g.L-1">0.01</solute>
<solute name="pressure" unit="g.L-1">0.0</solute>
<solute name="Food" unit="g.L-1">0.0</solute>
<solute name="H3O+" unit="g.L-1">0.0</solute>
<uptake_rate name="Weather" unit="g.L-1.hour-1">0.0</uptake_rate>
<uptake_rate name="O2" unit="g.L-1.hour-1">0.0</uptake_rate>
<uptake_rate name="pressure" unit="g.L-1.hour-1">0.0</uptake_rate>
<uptake_rate name="Food" unit="g.L-1.hour-1">0.0</uptake_rate>
<uptake_rate name="H3O+" unit="g.L-1.hour-1">0.0</uptake_rate>
</bulk>

</simulation>
</idynomics>