<idynomics>
 <simulation iterate="29" time="696.0" unit="hour">
<thickness domain="MyBiofilm" unit="um">
	<mean>132.2680412371134</mean>
	<stddev>5.611136687529054</stddev>
	<max>145.0</max>
</thickness>
<globalProductionRate>
<solute name="Weather" unit="g.hour">
-1.967894996478549E-8</solute><solute name="O2" unit="g.hour">
-0.09401989957597709</solute><solute name="pressure" unit="g.hour">
0.0</solute><solute name="Food" unit="g.hour">
3.330625041651075E9</solute><solute name="H3O+" unit="g.hour">
0.02830336854696119</solute></globalProductionRate>
<bulk name="MyTank">
<solute name="Weather" unit="g.L-1">0.01</solute>
<solute name="O2" unit="g.L-1">0.01</solute>
<solute name="pressure" unit="g.L-1">0.0</solute>
<solute name="Food" unit="g.L-1">0.0</solute>
<solute name="H3O+" unit="g.L-1">0.0</solute>
<uptake_rate name="Weather" unit="g.L-1.hour-1">0.0</uptake_rate>
<uptake_rate name="O2" unit="g.L-1.hour-1">0.0</uptake_rate>
<uptake_rate name="pressure" unit="g.L-1.hour-1">0.0</uptake_rate>
<uptake_rate name="Food" unit="g.L-1.hour-1">0.0</uptake_rate>
<uptake_rate name="H3O+" unit="g.L-1.hour-1">0.0</uptake_rate>
</bulk>

</simulation>
</idynomics>