<idynomics>
 <simulation iterate="28" time="672.0" unit="hour">
<thickness domain="MyBiofilm" unit="um">
	<mean>132.28795811518324</mean>
	<stddev>5.623046398930776</stddev>
	<max>145.0</max>
</thickness>
<globalProductionRate>
<solute name="Weather" unit="g.hour">
-1.9831499964475436E-8</solute><solute name="O2" unit="g.hour">
-0.08712954054441115</solute><solute name="pressure" unit="g.hour">
0.0</solute><solute name="Food" unit="g.hour">
3.138298888523241E9</solute><solute name="H3O+" unit="g.hour">
0.026229119755228524</solute></globalProductionRate>
<bulk name="MyTank">
<solute name="Weather" unit="g.L-1">0.01</solute>
<solute name="O2" unit="g.L-1">0.01</solute>
<solute name="pressure" unit="g.L-1">0.0</solute>
<solute name="Food" unit="g.L-1">0.0</solute>
<solute name="H3O+" unit="g.L-1">0.0</solute>
<uptake_rate name="Weather" unit="g.L-1.hour-1">0.0</uptake_rate>
<uptake_rate name="O2" unit="g.L-1.hour-1">0.0</uptake_rate>
<uptake_rate name="pressure" unit="g.L-1.hour-1">0.0</uptake_rate>
<uptake_rate name="Food" unit="g.L-1.hour-1">0.0</uptake_rate>
<uptake_rate name="H3O+" unit="g.L-1.hour-1">0.0</uptake_rate>
</bulk>

</simulation>
</idynomics>