<idynomics>
 <simulation iterate="1" time="24.0" unit="hour">
<thickness domain="MyBiofilm" unit="um">
	<mean>129.46540880503144</mean>
	<stddev>3.418006102010588</stddev>
	<max>139.0</max>
</thickness>
<globalProductionRate>
<solute name="Weather" unit="g.hour">
-1.9678949968323467E-8</solute><solute name="O2" unit="g.hour">
-0.010588247481419193</solute><solute name="pressure" unit="g.hour">
0.0</solute><solute name="Food" unit="g.hour">
3.074673448013142E8</solute><solute name="H3O+" unit="g.hour">
0.003187447056746405</solute></globalProductionRate>
<bulk name="MyTank">
<solute name="Weather" unit="g.L-1">0.01</solute>
<solute name="O2" unit="g.L-1">0.01</solute>
<solute name="pressure" unit="g.L-1">0.0</solute>
<solute name="Food" unit="g.L-1">0.0</solute>
<solute name="H3O+" unit="g.L-1">0.0</solute>
<uptake_rate name="Weather" unit="g.L-1.hour-1">0.0</uptake_rate>
<uptake_rate name="O2" unit="g.L-1.hour-1">0.0</uptake_rate>
<uptake_rate name="pressure" unit="g.L-1.hour-1">0.0</uptake_rate>
<uptake_rate name="Food" unit="g.L-1.hour-1">0.0</uptake_rate>
<uptake_rate name="H3O+" unit="g.L-1.hour-1">0.0</uptake_rate>
</bulk>

</simulation>
</idynomics>