<idynomics>
 <simulation iterate="8" time="192.0" unit="hour">
<thickness domain="MyBiofilm" unit="um">
	<mean>129.40764331210192</mean>
	<stddev>3.3990545969472867</stddev>
	<max>139.0</max>
</thickness>
<globalProductionRate>
<solute name="Weather" unit="g.hour">
-1.9678949968321038E-8</solute><solute name="O2" unit="g.hour">
-0.019705826836858887</solute><solute name="pressure" unit="g.hour">
0.0</solute><solute name="Food" unit="g.hour">
6.680824283713026E8</solute><solute name="H3O+" unit="g.hour">
0.0059321638417211605</solute></globalProductionRate>
<bulk name="MyTank">
<solute name="Weather" unit="g.L-1">0.01</solute>
<solute name="O2" unit="g.L-1">0.01</solute>
<solute name="pressure" unit="g.L-1">0.0</solute>
<solute name="Food" unit="g.L-1">0.0</solute>
<solute name="H3O+" unit="g.L-1">0.0</solute>
<uptake_rate name="Weather" unit="g.L-1.hour-1">0.0</uptake_rate>
<uptake_rate name="O2" unit="g.L-1.hour-1">0.0</uptake_rate>
<uptake_rate name="pressure" unit="g.L-1.hour-1">0.0</uptake_rate>
<uptake_rate name="Food" unit="g.L-1.hour-1">0.0</uptake_rate>
<uptake_rate name="H3O+" unit="g.L-1.hour-1">0.0</uptake_rate>
</bulk>

</simulation>
</idynomics>