<idynomics>
 <simulation iterate="49" time="1176.0" unit="hour">
<thickness domain="MyBiofilm" unit="um">
	<mean>156.42271880819368</mean>
	<stddev>20.691627991972396</stddev>
	<max>199.0</max>
</thickness>
<globalProductionRate>
<solute name="Weather" unit="g.hour">
-3.1882952335457724E-8</solute><solute name="O2" unit="g.hour">
-1.7951077964086317</solute><solute name="pressure" unit="g.hour">
0.0</solute><solute name="Food" unit="g.hour">
6.170817848358849E10</solute><solute name="H3O+" unit="g.hour">
0.5403920701305746</solute></globalProductionRate>
<bulk name="MyTank">
<solute name="Weather" unit="g.L-1">0.01</solute>
<solute name="O2" unit="g.L-1">0.01</solute>
<solute name="pressure" unit="g.L-1">0.0</solute>
<solute name="Food" unit="g.L-1">0.0</solute>
<solute name="H3O+" unit="g.L-1">0.0</solute>
<uptake_rate name="Weather" unit="g.L-1.hour-1">0.0</uptake_rate>
<uptake_rate name="O2" unit="g.L-1.hour-1">0.0</uptake_rate>
<uptake_rate name="pressure" unit="g.L-1.hour-1">0.0</uptake_rate>
<uptake_rate name="Food" unit="g.L-1.hour-1">0.0</uptake_rate>
<uptake_rate name="H3O+" unit="g.L-1.hour-1">0.0</uptake_rate>
</bulk>

</simulation>
</idynomics>