<idynomics>
 <simulation iterate="33" time="792.0" unit="hour">
<thickness domain="MyBiofilm" unit="um">
	<mean>133.97630331753555</mean>
	<stddev>6.462022307768896</stddev>
	<max>149.0</max>
</thickness>
<globalProductionRate>
<solute name="Weather" unit="g.hour">
-1.9984049962058157E-8</solute><solute name="O2" unit="g.hour">
-0.14411328370031173</solute><solute name="pressure" unit="g.hour">
0.0</solute><solute name="Food" unit="g.hour">
4.593067298996339E9</solute><solute name="H3O+" unit="g.hour">
0.04338330809045037</solute></globalProductionRate>
<bulk name="MyTank">
<solute name="Weather" unit="g.L-1">0.01</solute>
<solute name="O2" unit="g.L-1">0.01</solute>
<solute name="pressure" unit="g.L-1">0.0</solute>
<solute name="Food" unit="g.L-1">0.0</solute>
<solute name="H3O+" unit="g.L-1">0.0</solute>
<uptake_rate name="Weather" unit="g.L-1.hour-1">0.0</uptake_rate>
<uptake_rate name="O2" unit="g.L-1.hour-1">0.0</uptake_rate>
<uptake_rate name="pressure" unit="g.L-1.hour-1">0.0</uptake_rate>
<uptake_rate name="Food" unit="g.L-1.hour-1">0.0</uptake_rate>
<uptake_rate name="H3O+" unit="g.L-1.hour-1">0.0</uptake_rate>
</bulk>

</simulation>
</idynomics>