<idynomics>
 <simulation iterate="9" time="216.0" unit="hour">
<thickness domain="MyBiofilm" unit="um">
	<mean>129.4203821656051</mean>
	<stddev>3.3937510737773273</stddev>
	<max>139.0</max>
</thickness>
<globalProductionRate>
<solute name="Weather" unit="g.hour">
-1.9678949968317134E-8</solute><solute name="O2" unit="g.hour">
-0.020753936140594134</solute><solute name="pressure" unit="g.hour">
0.0</solute><solute name="Food" unit="g.hour">
7.206864499229789E8</solute><solute name="H3O+" unit="g.hour">
0.006247681479337882</solute></globalProductionRate>
<bulk name="MyTank">
<solute name="Weather" unit="g.L-1">0.01</solute>
<solute name="O2" unit="g.L-1">0.01</solute>
<solute name="pressure" unit="g.L-1">0.0</solute>
<solute name="Food" unit="g.L-1">0.0</solute>
<solute name="H3O+" unit="g.L-1">0.0</solute>
<uptake_rate name="Weather" unit="g.L-1.hour-1">0.0</uptake_rate>
<uptake_rate name="O2" unit="g.L-1.hour-1">0.0</uptake_rate>
<uptake_rate name="pressure" unit="g.L-1.hour-1">0.0</uptake_rate>
<uptake_rate name="Food" unit="g.L-1.hour-1">0.0</uptake_rate>
<uptake_rate name="H3O+" unit="g.L-1.hour-1">0.0</uptake_rate>
</bulk>

</simulation>
</idynomics>