<idynomics>
 <simulation iterate="11" time="264.0" unit="hour">
<thickness domain="MyBiofilm" unit="um">
	<mean>129.45333333333335</mean>
	<stddev>3.4729174415116115</stddev>
	<max>139.0</max>
</thickness>
<globalProductionRate>
<solute name="Weather" unit="g.hour">
-1.9678949968252124E-8</solute><solute name="O2" unit="g.hour">
-0.023096769544288354</solute><solute name="pressure" unit="g.hour">
0.0</solute><solute name="Food" unit="g.hour">
8.292638589550915E8</solute><solute name="H3O+" unit="g.hour">
0.00695295699279506</solute></globalProductionRate>
<bulk name="MyTank">
<solute name="Weather" unit="g.L-1">0.01</solute>
<solute name="O2" unit="g.L-1">0.01</solute>
<solute name="pressure" unit="g.L-1">0.0</solute>
<solute name="Food" unit="g.L-1">0.0</solute>
<solute name="H3O+" unit="g.L-1">0.0</solute>
<uptake_rate name="Weather" unit="g.L-1.hour-1">0.0</uptake_rate>
<uptake_rate name="O2" unit="g.L-1.hour-1">0.0</uptake_rate>
<uptake_rate name="pressure" unit="g.L-1.hour-1">0.0</uptake_rate>
<uptake_rate name="Food" unit="g.L-1.hour-1">0.0</uptake_rate>
<uptake_rate name="H3O+" unit="g.L-1.hour-1">0.0</uptake_rate>
</bulk>

</simulation>
</idynomics>