<idynomics>
 <simulation iterate="10" time="240.0" unit="hour">
<thickness domain="MyBiofilm" unit="um">
	<mean>129.44871794871796</mean>
	<stddev>3.431182183571337</stddev>
	<max>139.0</max>
</thickness>
<globalProductionRate>
<solute name="Weather" unit="g.hour">
-1.9678949968301652E-8</solute><solute name="O2" unit="g.hour">
-0.021854973944227623</solute><solute name="pressure" unit="g.hour">
0.0</solute><solute name="Food" unit="g.hour">
7.751242910759801E8</solute><solute name="H3O+" unit="g.hour">
0.006579132499974381</solute></globalProductionRate>
<bulk name="MyTank">
<solute name="Weather" unit="g.L-1">0.01</solute>
<solute name="O2" unit="g.L-1">0.01</solute>
<solute name="pressure" unit="g.L-1">0.0</solute>
<solute name="Food" unit="g.L-1">0.0</solute>
<solute name="H3O+" unit="g.L-1">0.0</solute>
<uptake_rate name="Weather" unit="g.L-1.hour-1">0.0</uptake_rate>
<uptake_rate name="O2" unit="g.L-1.hour-1">0.0</uptake_rate>
<uptake_rate name="pressure" unit="g.L-1.hour-1">0.0</uptake_rate>
<uptake_rate name="Food" unit="g.L-1.hour-1">0.0</uptake_rate>
<uptake_rate name="H3O+" unit="g.L-1.hour-1">0.0</uptake_rate>
</bulk>

</simulation>
</idynomics>