<idynomics>
 <simulation iterate="48" time="1152.0" unit="hour">
<thickness domain="MyBiofilm" unit="um">
	<mean>152.5688622754491</mean>
	<stddev>18.00614633649331</stddev>
	<max>191.0</max>
</thickness>
<globalProductionRate>
<solute name="Weather" unit="g.hour">
-3.0967650207351446E-8</solute><solute name="O2" unit="g.hour">
-1.484445979563673</solute><solute name="pressure" unit="g.hour">
0.0</solute><solute name="Food" unit="g.hour">
4.761050765617144E10</solute><solute name="H3O+" unit="g.hour">
0.44687188462227273</solute></globalProductionRate>
<bulk name="MyTank">
<solute name="Weather" unit="g.L-1">0.01</solute>
<solute name="O2" unit="g.L-1">0.01</solute>
<solute name="pressure" unit="g.L-1">0.0</solute>
<solute name="Food" unit="g.L-1">0.0</solute>
<solute name="H3O+" unit="g.L-1">0.0</solute>
<uptake_rate name="Weather" unit="g.L-1.hour-1">0.0</uptake_rate>
<uptake_rate name="O2" unit="g.L-1.hour-1">0.0</uptake_rate>
<uptake_rate name="pressure" unit="g.L-1.hour-1">0.0</uptake_rate>
<uptake_rate name="Food" unit="g.L-1.hour-1">0.0</uptake_rate>
<uptake_rate name="H3O+" unit="g.L-1.hour-1">0.0</uptake_rate>
</bulk>

</simulation>
</idynomics>