<idynomics>
 <simulation iterate="50" time="1200.0" unit="hour">
<thickness domain="MyBiofilm" unit="um">
	<mean>161.57839721254356</mean>
	<stddev>22.06925953099476</stddev>
	<max>209.0</max>
</thickness>
<globalProductionRate>
<solute name="Weather" unit="g.hour">
-3.3714477471677235E-8</solute><solute name="O2" unit="g.hour">
-2.4162545593210387</solute><solute name="pressure" unit="g.hour">
0.0</solute><solute name="Food" unit="g.hour">
8.645900545567047E10</solute><solute name="H3O+" unit="g.hour">
0.7273794029819232</solute></globalProductionRate>
<bulk name="MyTank">
<solute name="Weather" unit="g.L-1">0.01</solute>
<solute name="O2" unit="g.L-1">0.01</solute>
<solute name="pressure" unit="g.L-1">0.0</solute>
<solute name="Food" unit="g.L-1">0.0</solute>
<solute name="H3O+" unit="g.L-1">0.0</solute>
<uptake_rate name="Weather" unit="g.L-1.hour-1">0.0</uptake_rate>
<uptake_rate name="O2" unit="g.L-1.hour-1">0.0</uptake_rate>
<uptake_rate name="pressure" unit="g.L-1.hour-1">0.0</uptake_rate>
<uptake_rate name="Food" unit="g.L-1.hour-1">0.0</uptake_rate>
<uptake_rate name="H3O+" unit="g.L-1.hour-1">0.0</uptake_rate>
</bulk>

</simulation>
</idynomics>