<idynomics>
 <simulation iterate="24" time="576.0" unit="hour">
<thickness domain="MyBiofilm" unit="um">
	<mean>131.22471910112358</mean>
	<stddev>4.758795072187225</stddev>
	<max>143.0</max>
</thickness>
<globalProductionRate>
<solute name="Weather" unit="g.hour">
-1.9678949965807805E-8</solute><solute name="O2" unit="g.hour">
-0.05959929472119404</solute><solute name="pressure" unit="g.hour">
0.0</solute><solute name="Food" unit="g.hour">
2.2152591325744033E9</solute><solute name="H3O+" unit="g.hour">
0.017941523280797657</solute></globalProductionRate>
<bulk name="MyTank">
<solute name="Weather" unit="g.L-1">0.01</solute>
<solute name="O2" unit="g.L-1">0.01</solute>
<solute name="pressure" unit="g.L-1">0.0</solute>
<solute name="Food" unit="g.L-1">0.0</solute>
<solute name="H3O+" unit="g.L-1">0.0</solute>
<uptake_rate name="Weather" unit="g.L-1.hour-1">0.0</uptake_rate>
<uptake_rate name="O2" unit="g.L-1.hour-1">0.0</uptake_rate>
<uptake_rate name="pressure" unit="g.L-1.hour-1">0.0</uptake_rate>
<uptake_rate name="Food" unit="g.L-1.hour-1">0.0</uptake_rate>
<uptake_rate name="H3O+" unit="g.L-1.hour-1">0.0</uptake_rate>
</bulk>

</simulation>
</idynomics>